Workbook

Sheet Search
B1: 3.3219281
E5: Linear Search O(N) | J5: Binary Search O(log(2)N)
D6: Hľadaná hodnota | E6: Na pozícii | F6: Doba hľadania (ms) | G6: Počet porovnaní | H6: Priemerná doba hľadania(ms) | I6: Priemerný počet porovnaní | J6: Na pozícii | K6: Doba hľadania (ms) | L6: Počet porovnaní | M6: Priemerná doba hľadania(ms) | N6: Priemerný počet porovnaní
B7: 10000000 | C7: 1 | D7: 40131442 | E7: 8026991 | F7: 201.107 | G7: 8026992 | H7: =AVERAGE(F7:F16) -> 125.488 | I7: =AVERAGE(G7:G16) -> 5130934 | J7: 8026991 | K7: 0.005 | L7: 24 | M7: =AVERAGE(K7:K16) -> 0.0052 | N7: =AVERAGE(L7:L16) -> 22.1
C8: 2 | D8: 46954357 | E8: 9391351 | F8: 231.88 | G8: 9391352 | J8: 9391351 | K8: 0.006 | L8: 24
C9: 3 | D9: 19929258 | E9: 3985877 | F9: 97.896 | G9: 3985878 | J9: 3985877 | K9: 0.005 | L9: 23
C10: 4 | D10: 45365556 | E10: 9073283 | F10: 221.684 | G10: 9073284 | J10: 9073283 | K10: 0.006 | L10: 20
C11: 5 | D11: 2503612 | E11: 500221 | F11: 12.213 | G11: 500222 | J11: 500221 | K11: 0.005 | L11: 23
C12: 6 | D12: 21969109 | E12: 4393995 | F12: 106.984 | G12: 4393996 | J12: 4393995 | K12: 0.004 | L12: 17
B13: Sada N1= | C13: 7 | D13: 21452847 | E13: 4290656 | F13: 106 | G13: 4290657 | J13: 4290656 | K13: 0.006 | L13: 23
C14: 8 | D14: 12989858 | E14: 2597923 | F14: 64.159 | G14: 2597924 | J14: 2597923 | K14: 0.004 | L14: 22
C15: 9 | D15: 4595345 | E15: 918030 | F15: 12 | G15: 918031 | J15: 918030 | K15: 0.004 | L15: 22
C16: 10 | D16: 40652767 | E16: 8131003 | F16: 200.957 | G16: 8131004 | J16: 8131003 | K16: 0.007 | L16: 23
B17: 100000000 | C17: 1 | D17: 393639309 | E17: 39357714 | F17: 2901.237 | G17: 39357715 | H17: teoretická | I17: teoretický | J17: 39357714 | K17: 0.012 | L17: 26 | M17: teoretická | N17: teoretický
C18: 2 | D18: 729714006 | E18: 72970173 | F18: 5234.279 | G18: 72970174 | J18: 72970173 | K18: 0.008 | L18: 22
C19: 3 | D19: 828516562 | E19: 82849037 | F19: 6176.655 | G19: 82849038 | H19: =H7*(B17/B7) -> 1254.88 | I19: =I7*(B17/B7) -> 51309340 | J19: 82849037 | K19: 0.007 | L19: 26 | M19: =M7*(LOG10(B17)/LOG10(B7)) -> 0.0059428571 | N19: =N7*(LOG10(B17)/LOG10(B7)) -> 25.257143
C20: 4 | D20: 145074435 | E20: 14507684 | F20: 1090.718 | G20: 14507685 | J20: 14507684 | K20: 0.006 | L20: 23
C21: 5 | D21: 203599393 | E21: 20359407 | F21: 1498.691 | G21: 20359408 | J21: 20359407 | K21: 0.006 | L21: 23
C22: 6 | D22: 736886436 | E22: 73688443 | F22: 5321.86 | G22: 73688444 | H22: skutočná | I22: skutočný | J22: 73688443 | K22: 0.007 | L22: 26 | M22: skutočná | N22: skutočný
B23: Sada N2= | C23: 7 | D23: 834719327 | E23: 83469273 | F23: 6129.376 | G23: 83469274 | J23: 83469273 | K23: 0.006 | L23: 26
C24: 8 | D24: 714203952 | E24: 71418060 | F24: 5293.001 | G24: 71418061 | H24: =AVERAGE(F17:F26) -> 4199.9983 | I24: =AVERAGE(G17:G26) -> 56893406 | J24: 71418060 | K24: 0.008 | L24: 26 | M24: =AVERAGE(K17:K26) -> 0.0074 | N24: =AVERAGE(L17:L26) -> 24.7
C25: 9 | D25: 621594794 | E25: 62154692 | F25: 4738.321 | G25: 62154693 | J25: 62154692 | K25: 0.007 | L25: 25
C26: 10 | D26: 481674260 | E26: 48159567 | F26: 3615.845 | G26: 48159568 | J26: 48159567 | K26: 0.007 | L26: 24

Sheet Sort rovnomerné data
D3: Sada N= | F3: 10000 | H3: Random
D4: Doba hľadania (ms) | J4: Počet porovnaní | P4: Počet priradení
B5: Algoritmus | C5: Výpočtová zložitosť | D5: 1 | E5: 2 | F5: 3 | G5: 4 | H5: 5 | I5: Priemer | J5: 1 | K5: 2 | L5: 3 | M5: 4 | N5: 5 | O5: Priemer | P5: 1 | Q5: 2 | R5: 3 | S5: 4 | T5: 5 | U5: Priemer
B6: Bubble Sort | C6: O(n^2) | D6: 3216.659 | E6: 2857.899 | F6: 2867.717 | G6: 2896.489 | H6: 2908.434 | I6: =AVERAGE(D6:H6) -> 2949.4396 | J6: 49995000 | K6: 49995000 | L6: 49995000 | M6: 49995000 | N6: 49995000 | O6: =AVERAGE(J6:N6) -> 49995000 | P6: 75298851 | Q6: 74826453 | R6: 74277450 | S6: 75116469 | T6: 75407610 | U6: =AVERAGE(P6:T6) -> 74985367
B7: Select Sort | C7: O(n^2) | D7: 1347.91 | E7: 1346.049 | F7: 1363.058 | G7: 1383.372 | H7: 1354.432 | I7: =AVERAGE(D7:H7) -> 1358.9642 | J7: 49995000 | K7: 49995000 | L7: 49995000 | M7: 49995000 | N7: 49995000 | O7: =AVERAGE(J7:N7) -> 49995000 | P7: 30000 | Q7: 30000 | R7: 30000 | S7: 30000 | T7: 30000 | U7: =AVERAGE(P7:T7) -> 30000
B8: Insert Sort | C8: O(n^2) | D8: 1389.623 | E8: 1393.273 | F8: 1398.379 | G8: 1415.74 | H8: 1427.617 | I8: =AVERAGE(D8:H8) -> 1404.9264 | J8: 24808882 | K8: 24913209 | L8: 24987012 | M8: 25040789 | N8: 25116102 | O8: =AVERAGE(J8:N8) -> 24973199 | P8: 24818881 | Q8: 24923208 | R8: 24997011 | S8: 25050788 | T8: 25126101 | U8: =AVERAGE(P8:T8) -> 24983198
B9: Insert Sort + Binary Search | C9: O(n^2) | D9: 104.822 | E9: 104.514 | F9: 106.167 | G9: 105.277 | H9: 105.227 | I9: =AVERAGE(D9:H9) -> 105.2014 | J9: 116536 | K9: 116639 | L9: 116555 | M9: 116518 | N9: 116644 | O9: =AVERAGE(J9:N9) -> 116578.4 | P9: 25214450 | Q9: 25163121 | R9: 25354632 | S9: 25276072 | T9: 25090632 | U9: =AVERAGE(P9:T9) -> 25219781
B10: Quick Sort | C10: O(n log n) | D10: 8.34 | E10: 8.194 | F10: 8.231 | G10: 8.165 | H10: 8.974 | I10: =AVERAGE(D10:H10) -> 8.3808 | J10: 156984 | K10: 153586 | L10: 157389 | M10: 150401 | N10: 173318 | O10: =AVERAGE(J10:N10) -> 158335.6 | P10: 162552 | Q10: 159171 | R10: 162981 | S10: 155984 | T10: 178881 | U10: =AVERAGE(P10:T10) -> 163913.8
B11: Merge Sort | C11: O(n log n) | D11: 13.148 | E11: 13.128 | F11: 13.078 | G11: 12.987 | H11: 13.181 | I11: =AVERAGE(D11:H11) -> 13.1044 | J11: 120566 | K11: 120463 | L11: 120499 | M11: 120391 | N11: 120425 | O11: =AVERAGE(J11:N11) -> 120468.8 | P11: 133616 | Q11: 133616 | R11: 133616 | S11: 133616 | T11: 133616 | U11: =AVERAGE(P11:T11) -> 133616
B12: Radix Sort | C12: O(n*k) | D12: 8.908 | E12: 8.875 | F12: 8.796 | G12: 8.884 | H12: 8.927 | I12: =AVERAGE(D12:H12) -> 8.878 | J12: 50005 | K12: 50005 | L12: 50005 | M12: 50005 | N12: 50005 | O12: =AVERAGE(J12:N12) -> 50005 | P12: 200045 | Q12: 200045 | R12: 200045 | S12: 200045 | T12: 200045 | U12: =AVERAGE(P12:T12) -> 200045
B13: TreeSort | C13: O(n log n) | D13: 44.34 | E13: 41.521 | F13: 44.522 | G13: 41.417 | H13: 44.206 | I13: =AVERAGE(D13:H13) -> 43.2012 | J13: 163153 | K13: 152426 | L13: 157315 | M13: 154423 | N13: 164792 | O13: =AVERAGE(J13:N13) -> 158421.8 | P13: 223153 | Q13: 212426 | R13: 217315 | S13: 214423 | T13: 224792 | U13: =AVERAGE(P13:T13) -> 218421.8
D15: Sada N= | F15: 20000 | H15: Random
D16: Doba hľadania (ms) | K16: Počet porovnaní | R16: Počet priradení
B17: Algoritmus | C17: Výpočtová zložitosť | D17: Odhad | E17: 1 | F17: 2 | G17: 3 | H17: 4 | I17: 5 | J17: Priemer | K17: Odhad | L17: 1 | M17: 2 | N17: 3 | O17: 4 | P17: 5 | Q17: Priemer | R17: Odhad | S17: 1 | T17: 2 | U17: 3 | V17: 4 | W17: 5 | X17: Priemer
B18: Bubble Sort | C18: O(n^2) | D18: =I6 * (F15^2 / F3^2) -> 11797.758 | E18: 13053.612 | F18: 11852.801 | G18: 11972.876 | H18: 11940.294 | I18: 11921.657 | J18: =AVERAGE(E18:I18) -> 12148.248 | K18: =O6 * (F15^2 / F3^2) -> 199980000 | L18: 199990000 | M18: 199990000 | N18: 199990000 | O18: 199990000 | P18: 199990000 | Q18: =AVERAGE(L18:P18) -> 199990000 | R18: =U6 * (F15^2 / F3^2) -> 2.9994147e+08 | S18: 299328768 | T18: 300232512 | U18: 301014108 | V18: 298758687 | W18: 303267030 | X18: =AVERAGE(S18:W18) -> 300520221
B19: Select Sort | C19: O(n^2) | D19: =I7 * (F15^2 / F3^2) -> 5435.8568 | E19: 5429.46 | F19: 5461.693 | G19: 5479.548 | H19: 5503.817 | I19: 5541.962 | J19: =AVERAGE(E19:I19) -> 5483.296 | K19: =O7 * (F15^2 / F3^2) -> 199980000 | L19: 199990000 | M19: 199990000 | N19: 199990000 | O19: 199990000 | P19: 199990000 | Q19: =AVERAGE(L19:P19) -> 199990000 | R19: =U7 * (F15 / F3) -> 60000 | S19: 199990000 | T19: 199990000 | U19: 199990000 | V19: 199990000 | W19: 199990000 | X19: =AVERAGE(S19:W19) -> 199990000
B20: Insert Sort | C20: O(n^2) | D20: =I8 * (F15^2 / F3^2) -> 5619.7056 | E20: 5729.619 | F20: 5697.298 | G20: 5677.458 | H20: 5698.834 | I20: 5670.207 | J20: =AVERAGE(E20:I20) -> 5694.6832 | K20: =O8 * (F15^2 / F3^2) -> 99892795 | L20: 100960509 | M20: 100319405 | N20: 99705239 | O20: 100343373 | P20: 100170307 | Q20: =AVERAGE(L20:P20) -> 1.0029977e+08 | R20: =U8 * (F15^2 / F3^2) -> 99932791 | S20: 100980508 | T20: 100339404 | U20: 99725238 | V20: 100363372 | W20: 100190306 | X20: =AVERAGE(S20:W20) -> 1.0031977e+08
B21: Insert Sort + Binary Search | C21: O(n^2) | D21: =I9 * (F15*LN(F15) / (F3*LN(F3))) -> 226.23719 | E21: 441.716 | F21: 442.686 | G21: 443.176 | H21: 438.663 | I21: 439.011 | J21: =AVERAGE(E21:I21) -> 441.0504 | K21: =O9 * (F15*LN(F15) / (F3*LN(F3))) -> 250703.6 | L21: 248159 | M21: 248295 | N21: 248285 | O21: 248541 | P21: 248347 | Q21: =AVERAGE(L21:P21) -> 248325.4 | R21: =U9 * (F15^2 / F3^2) -> 1.0087913e+08 | S21: 99996011 | T21: 99698851 | U21: 100274824 | V21: 99223662 | W21: 99790761 | X21: =AVERAGE(S21:W21) -> 99796822
B22: Quick Sort | C22: O(n log n) | D22: =I10 * (F15*LN(F15) / (F3*LN(F3))) -> 18.023036 | E22: 17.261 | F22: 17.552 | G22: 16.606 | H22: 16.52 | I22: 16.385 | J22: =AVERAGE(E22:I22) -> 16.8648 | K22: =O10 * (F15*LN(F15) / (F3*LN(F3))) -> 340503.08 | L22: 337111 | M22: 348234 | N22: 323561 | O22: 320001 | P22: 318635 | Q22: =AVERAGE(L22:P22) -> 329508.4 | R22: =U10 * (F15*LN(F15) / (F3*LN(F3))) -> 352499.09 | S22: 346663 | T22: 357732 | U22: 333179 | V22: 329457 | W22: 328160 | X22: =AVERAGE(S22:W22) -> 339038.2
B23: Merge Sort | C23: O(n log n) | D23: =I11 * (F15*LN(F15) / (F3*LN(F3))) -> 28.181209 | E23: 28.204 | F23: 27.554 | G23: 27.421 | H23: 28.013 | I23: 28.045 | J23: =AVERAGE(E23:I23) -> 27.8474 | K23: =O11 * (F15*LN(F15) / (F3*LN(F3))) -> 259069.96 | L23: 260892 | M23: 260901 | N23: 261004 | O23: 260850 | P23: 261005 | Q23: =AVERAGE(L23:P23) -> 260930.4 | R23: =U11 * (F15*LN(F15) / (F3*LN(F3))) -> 287343.21 | S23: 287232 | T23: 287232 | U23: 287232 | V23: 287232 | W23: 287232 | X23: =AVERAGE(S23:W23) -> 287232
B24: Radix Sort | C24: O(n*k) | D24: =I12 * (F15*LOG10(F15) / (F3*LOG10(F3))) -> 19.092272 | E24: 17.633 | F24: 17.619 | G24: 17.538 | H24: 17.612 | I24: 17.565 | J24: =AVERAGE(E24:I24) -> 17.5934 | L24: 0 | M24: 0 | N24: 0 | O24: 0 | P24: 0 | Q24: =AVERAGE(L24:P24) -> 0 | R24: =U12 * (F15 / F3) -> 400090 | S24: 400045 | T24: 400045 | U24: 400045 | V24: 400045 | W24: 400045 | X24: =AVERAGE(S24:W24) -> 400045
B25: TreeSort | C25: O(n log n) | D25: =AVERAGE(D13:H13)*(20000*LN(20000))/(10000*LN(10000)) -> 92.904829 | E25: 75.573 | F25: 80.729 | G25: 79.249 | H25: 78.237 | I25: 75.629 | J25: =AVERAGE(E25:I25) -> 77.8834 | K25: =AVERAGE(J13:N13)*(20000*LN(20000))/(10000*LN(10000)) -> 340688.46 | L25: 335070 | M25: 374660 | N25: 370984 | O25: 360943 | P25: 337527 | Q25: =AVERAGE(L25:P25) -> 355836.8 | R25: =AVERAGE(P13:T13)*(20000*LN(20000))/(10000*LN(10000)) -> 469719.36 | S25: 455070 | T25: 494660 | U25: 490984 | V25: 480943 | W25: 457527 | X25: =AVERAGE(S25:W25) -> 475836.8
C42: 136202400 | D42: 119578900 | I42: 112510500 | J42: 119578900 | O42: 112510500 | P42: 119578900 | U42: 112510500
C43: 219679200 | D43: 199543000 | I43: 99809600 | J43: 199543000 | O43: 99809600 | P43: 199543000 | U43: 99809600
C44: 115686400 | D44: 91045300 | I44: 75313700 | J44: 91045300 | O44: 75313700 | P44: 91045300 | U44: 75313700
C45: 101113500 | D45: 84692200 | I45: 67565400 | J45: 84692200 | O45: 67565400 | P45: 84692200 | U45: 67565400
C46: 82151000 | D46: 68291900 | I46: 32426900 | J46: 68291900 | O46: 32426900 | P46: 68291900 | U46: 32426900
C47: 37723100 | D47: 23003100 | I47: 18671200 | J47: 23003100 | O47: 18671200 | P47: 23003100 | U47: 18671200
C48: 8326500 | D48: 1216100 | I48: 943800 | J48: 1216100 | O48: 943800 | P48: 1216100 | U48: 943800
C49: 33172600 | D49: 37268800 | I49: 8325400 | J49: 37268800 | O49: 8325400 | P49: 37268800 | U49: 8325400
C50: 2257500 | D50: 666300 | I50: 591000 | J50: 666300 | O50: 591000 | P50: 666300 | U50: 591000
C52: 14301486000 | D52: 14378190400 | I52: 14306071200 | J52: 14378190400 | O52: 14306071200 | P52: 14378190400 | U52: 14306071200
C53: 12933515700 | D53: 12962547400 | I53: 12900347400 | J53: 12962547400 | O53: 12900347400 | P53: 12962547400 | U53: 12900347400
C54: 8888055300 | D54: 8889923900 | I54: 8872204000 | J54: 8889923900 | O54: 8872204000 | P54: 8889923900 | U54: 8872204000
... C60: 7179500 | D60: 7528600 | I60: 7454100 | J60: 7528600 | O60: 7454100 | P60: 7528600 | U60: 7454100

Sheet Sort kolísavo rastúce data
D3: Sada N= | F3: 10000 | H3: Random Up
D4: Doba hľadania (ms) | J4: Počet porovnaní | P4: Počet priradení
B5: Algoritmus | C5: Výpočtová zložitosť | D5: 1 | E5: 2 | F5: 3 | G5: 4 | H5: 5 | I5: Priemer | J5: 1 | K5: 2 | L5: 3 | M5: 4 | N5: 5 | O5: Priemer | P5: 1 | Q5: 2 | R5: 3 | S5: 4 | T5: 5 | U5: Priemer
B6: Bubble Sort | C6: O(n^2) | D6: 4023.225 | E6: 3661.04 | F6: 3797.615 | G6: 3739.079 | H6: 3764.908 | I6: =AVERAGE(D6:H6) -> 3797.1734 | J6: 49995000 | K6: 49995000 | L6: 49995000 | M6: 49995000 | N6: 49995000 | O6: =AVERAGE(J6:N6) -> 49995000 | P6: 149975685 | Q6: 149975877 | R6: 149975400 | S6: 149976099 | T6: 149975721 | U6: =AVERAGE(P6:T6) -> 1.4997576e+08
B7: Select Sort | C7: O(n^2) | D7: 1439.156 | E7: 1512.561 | F7: 1432.858 | G7: 1462.568 | H7: 1464.4 | I7: =AVERAGE(D7:H7) -> 1462.3086 | J7: 49995000 | K7: 49995000 | L7: 49995000 | M7: 49995000 | N7: 49995000 | O7: =AVERAGE(J7:N7) -> 49995000 | P7: 30000 | Q7: 30000 | R7: 30000 | S7: 30000 | T7: 30000 | U7: =AVERAGE(P7:T7) -> 30000
B8: Insert Sort | C8: O(n^2) | D8: 2801.583 | E8: 2799.54 | F8: 2866.728 | G8: 2889.603 | H8: 2816.833 | I8: =AVERAGE(D8:H8) -> 2834.8574 | J8: 50001921 | K8: 50001934 | L8: 50001878 | M8: 50001862 | N8: 50001851 | O8: =AVERAGE(J8:N8) -> 50001889 | P8: 50011920 | Q8: 50011933 | R8: 50011877 | S8: 50011861 | T8: 50011850 | U8: =AVERAGE(P8:T8) -> 50011888
B9: Insert Sort + Binary Search | C9: O(n^2) | D9: 210.864 | E9: 186.753 | F9: 190.45 | G9: 182.115 | H9: 197.811 | I9: =AVERAGE(D9:H9) -> 193.5986 | J9: 114277 | K9: 114246 | L9: 114256 | M9: 114266 | N9: 114285 | O9: =AVERAGE(J9:N9) -> 114266 | P9: 50011857 | Q9: 50011898 | R9: 50012033 | S9: 50011875 | T9: 50011920 | U9: =AVERAGE(P9:T9) -> 50011917
B10: Quick Sort | C10: O(n log n) | D10: 6.804 | E10: 7.026 | F10: 6.159 | G10: 6.469 | H10: 6.246 | I10: =AVERAGE(D10:H10) -> 6.5408 | J10: 119682 | K10: 119543 | L10: 119550 | M10: 119680 | N10: 119557 | O10: =AVERAGE(J10:N10) -> 119602.4 | P10: 125576 | Q10: 125414 | R10: 125404 | S10: 125569 | T10: 125436 | U10: =AVERAGE(P10:T10) -> 125479.8
B11: Merge Sort | C11: O(n log n) | D11: 9.478 | E11: 9.43 | F11: 9.273 | G11: 8.917 | H11: 8.851 | I11: =AVERAGE(D11:H11) -> 9.1898 | J11: 69843 | K11: 69886 | L11: 69860 | M11: 69858 | N11: 69950 | O11: =AVERAGE(J11:N11) -> 69879.4 | P11: 133616 | Q11: 133616 | R11: 133616 | S11: 133616 | T11: 133616 | U11: =AVERAGE(P11:T11) -> 133616
B12: Radix Sort | C12: O(n*k) | D12: 10.44 | E12: 10.248 | F12: 10.257 | G12: 17.016 | H12: 9.875 | I12: =AVERAGE(D12:H12) -> 11.5672 | J12: 50005 | K12: 50005 | L12: 50005 | M12: 50005 | N12: 50005 | O12: =AVERAGE(J12:N12) -> 50005 | P12: 240054 | Q12: 240054 | R12: 240054 | S12: 240054 | T12: 200045 | U12: =AVERAGE(P12:T12) -> 232052.2
B13: TreeSort | C13: O(n log n) | D13: 2621.818 | E13: 2896.881 | F13: 2903.277 | G13: 2930.105 | H13: 2815.683 | I13: =AVERAGE(D13:H13) -> 2833.5528 | J13: 42496326 | K13: 42597392 | L13: 42644240 | M13: 42571264 | N13: 42155988 | O13: =AVERAGE(J13:N13) -> 42493042 | P13: 42596326 | Q13: 42697392 | R13: 42744240 | S13: 42671264 | T13: 42255988 | U13: =AVERAGE(P13:T13) -> 42593042
D15: Sada N= | F15: 20000 | H15: Random Up
D16: Doba hľadania (ms) | K16: Počet porovnaní | R16: Počet priradení
B17: Algoritmus | C17: Výpočtová zložitosť | D17: Odhad | E17: 1 | F17: 2 | G17: 3 | H17: 4 | I17: 5 | J17: Priemer | K17: Odhad | L17: 1 | M17: 2 | N17: 3 | O17: 4 | P17: 5 | Q17: Priemer | R17: Odhad | S17: 1 | T17: 2 | U17: 3 | V17: 4 | W17: 5 | X17: Priemer
B18: Bubble Sort | C18: O(n^2) | D18: =I6 * (F15^2 / F3^2) -> 15188.694 | E18: 16052.439 | F18: 14903.365 | G18: 14855.822 | H18: 15051.194 | I18: 14886.368 | J18: =AVERAGE(E18:I18) -> 15149.838 | K18: =O6 * (F15^2 / F3^2) -> 199980000 | L18: 199990000 | M18: 199990000 | N18: 199990000 | O18: 199990000 | P18: 199990000 | Q18: =AVERAGE(L18:P18) -> 199990000 | R18: =U6 * (F15^2 / F3^2) -> 5.9990303e+08 | S18: 599951331 | T18: 599951514 | U18: 599951871 | V18: 599950806 | W18: 599951052 | X18: =AVERAGE(S18:W18) -> 5.9995131e+08
B19: Select Sort | C19: O(n^2) | D19: =I7 * (F15^2 / F3^2) -> 5849.2344 | E19: 5766.891 | F19: 5746.14 | G19: 5831.315 | H19: 5828.609 | I19: 5749.782 | J19: =AVERAGE(E19:I19) -> 5784.5474 | K19: =O7 * (F15^2 / F3^2) -> 199980000 | L19: 199990000 | M19: 199990000 | N19: 199990000 | O19: 199990000 | P19: 199990000 | Q19: =AVERAGE(L19:P19) -> 199990000 | R19: =U7 * (F15 / F3) -> 60000 | S19: 60000 | T19: 60000 | U19: 60000 | V19: 60000 | W19: 60000 | X19: =AVERAGE(S19:W19) -> 60000
B20: Insert Sort | C20: O(n^2) | D20: =I8 * (F15^2 / F3^2) -> 11339.43 | E20: 11223.144 | F20: 11166.167 | G20: 11236.202 | H20: 11133.77 | I20: 11212.579 | J20: =AVERAGE(E20:I20) -> 11194.372 | K20: =O8 * (F15^2 / F3^2) -> 2.0000756e+08 | L20: 200003821 | M20: 200003660 | N20: 200003887 | O20: 200003965 | P20: 200003732 | Q20: =AVERAGE(L20:P20) -> 200003813 | R20: =U8 * (F15^2 / F3^2) -> 2.0004755e+08 | S20: 200023820 | T20: 200023659 | U20: 200023886 | V20: 200023964 | W20: 200023731 | X20: =AVERAGE(S20:W20) -> 200023812
B21: Insert Sort + Binary Search | C21: O(n^2) | D21: =I9 * (F15*LN(F15) / (F3*LN(F3))) -> 416.33669 | E21: 771.532 | F21: 824.294 | G21: 777.029 | H21: 764.102 | I21: 773.463 | J21: =AVERAGE(E21:I21) -> 782.084 | K21: =O9 * (F15*LN(F15) / (F3*LN(F3))) -> 245730.75 | L21: 248550 | M21: 248500 | N21: 248515 | O21: 248512 | P21: 248583 | Q21: =AVERAGE(L21:P21) -> 248532 | R21: =U9 * (F15^2 / F3^2) -> 2.0004767e+08 | S21: 200023594 | T21: 200023774 | U21: 200023917 | V21: 200023805 | W21: 200023674 | X21: =AVERAGE(S21:W21) -> 2.0002375e+08
B22: Quick Sort | C22: O(n log n) | D22: =I10 * (F15*LN(F15) / (F3*LN(F3))) -> 14.066088 | E22: 13.868 | F22: 13.288 | G22: 12.881 | H22: 12.775 | I22: 12.718 | J22: =AVERAGE(E22:I22) -> 13.106 | K22: =O10 * (F15*LN(F15) / (F3*LN(F3))) -> 257206.75 | L22: 259071 | M22: 259118 | N22: 259094 | O22: 258812 | P22: 259070 | Q22: =AVERAGE(L22:P22) -> 259033 | R22: =U10 * (F15*LN(F15) / (F3*LN(F3))) -> 269846.19 | S22: 270811 | T22: 270874 | U22: 270826 | V22: 270471 | W22: 270829 | X22: =AVERAGE(S22:W22) -> 270762.2
B23: Merge Sort | C23: O(n log n) | D23: =I11 * (F15*LN(F15) / (F3*LN(F3))) -> 19.762803 | E23: 18.429 | F23: 18.337 | G23: 18.308 | H23: 18.336 | I23: 18.51 | J23: =AVERAGE(E23:I23) -> 18.384 | K23: =O11 * (F15*LN(F15) / (F3*LN(F3))) -> 150276.7 | L23: 149856 | M23: 149826 | N23: 149816 | O23: 149774 | P23: 149747 | Q23: =AVERAGE(L23:P23) -> 149803.8 | R23: =U11 * (F15*LN(F15) / (F3*LN(F3))) -> 287343.21 | S23: 287232 | T23: 287232 | U23: 287232 | V23: 287232 | W23: 287232 | X23: =AVERAGE(S23:W23) -> 287232
B24: Radix Sort | C24: O(n*k) | D24: =I12 * (F15*LOG10(F15) / (F3*LOG10(F3))) -> 24.875437 | E24: 21.303 | F24: 21.202 | G24: 21.194 | H24: 21.572 | I24: 21.549 | J24: =AVERAGE(E24:I24) -> 21.364 | L24: 0 | M24: 0 | N24: 0 | O24: 0 | P24: 0 | Q24: =AVERAGE(L24:P24) -> 0 | R24: =U12 * (F15 / F3) -> 464104.4 | S24: 480054 | T24: 480054 | U24: 480054 | V24: 480054 | W24: 480054 | X24: =AVERAGE(S24:W24) -> 480054
B25: TreeSort | C25: O(n log n) | D25: =AVERAGE(D13:H13)*(20000*LN(20000))/(10000*LN(10000)) -> 6093.5978 | E25: 12331.195 | F25: 11558.404 | G25: 11827.148 | H25: 12050.811 | I25: 11219.643 | J25: =AVERAGE(E25:I25) -> 11797.44 | K25: =AVERAGE(J13:N13)*(20000*LN(20000))/(10000*LN(10000)) -> 91381924 | L25: 169905020 | M25: 169531056 | N25: 168674100 | O25: 170390578 | P25: 170553538 | Q25: =AVERAGE(L25:P25) -> 1.6981086e+08 | R25: =AVERAGE(P13:T13)*(20000*LN(20000))/(10000*LN(10000)) -> 91596976 | S25: 170105020 | T25: 169731056 | U25: 168874100 | V25: 170590578 | W25: 170753538 | X25: =AVERAGE(S25:W25) -> 1.7001086e+08
C49: 40487900 | D49: 38929800 | E49: 40598700 | F49: 37994500 | G49: 39030400
C50: 1041700 | D50: 763900 | E50: 897200 | F50: 904800 | G50: 1076300
C51: 28316400 | D51: 28959200 | E51: 29387200 | F51: 28380700 | G51: 29108200
C52: 789900 | D52: 654900 | E52: 619800 | F52: 702200 | G52: 765000
C53: 33085400 | D53: 32454700 | E53: 31823900 | F53: 32723200 | G53: 33355900
C54: 135200 | D54: 122800 | E54: 121700 | F54: 133900 | G54: 130600
C55: 391900 | D55: 369700 | E55: 359700 | F55: 396200 | G55: 396500
C56: 451600 | D56: 425000 | E56: 416100 | F56: 454500 | G56: 446900
C57: 32227600 | D57: 33173300 | E57: 30628800 | F57: 30867900 | G57: 30592800
C59: 4070632500 | D59: 3916273600 | E59: 3912912000 | F59: 3883502200 | G59: 4046147300
C60: 12442500 | D60: 13210900 | E60: 10435500 | F60: 11862400 | G60: 12064800
C61: 2859760200 | D61: 2878537400 | E61: 2814107600 | F61: 2875314500 | G61: 2808641000
... C67: 3054730000 | D67: 2998137100 | E67: 3008030800 | F67: 2961089500 | G67: 3017060200

Sheet Sort kolísavo klesajúce data
D3: Sada N= | F3: 10000 | H3: Random Down
D4: Doba hľadania (ms) | J4: Počet porovnaní | P4: Počet priradení
B5: Algoritmus | C5: Výpočtová zložitosť | D5: 1 | E5: 2 | F5: 3 | G5: 4 | H5: 5 | I5: Priemer | J5: 1 | K5: 2 | L5: 3 | M5: 4 | N5: 5 | O5: Priemer | P5: 1 | Q5: 2 | R5: 3 | S5: 4 | T5: 5 | U5: Priemer
B6: Bubble Sort | C6: O(n^2) | D6: 2172.359 | E6: 1957.495 | F6: 1972.872 | G6: 1943.62 | H6: 1959.422 | I6: =AVERAGE(D6:H6) -> 2001.1536 | J6: 49995000 | K6: 49995000 | L6: 49995000 | M6: 49995000 | N6: 49995000 | O6: =AVERAGE(J6:N6) -> 49995000 | P6: 15058542 | Q6: 15703638 | R6: 16379334 | S6: 15123561 | T6: 15794640 | U6: =AVERAGE(P6:T6) -> 15611943
B7: Select Sort | C7: O(n^2) | D7: 1309.991 | E7: 1356.835 | F7: 1300.547 | G7: 1303.161 | H7: 1320.119 | I7: =AVERAGE(D7:H7) -> 1318.1306 | J7: 49995000 | K7: 49995000 | L7: 49995000 | M7: 49995000 | N7: 49995000 | O7: =AVERAGE(J7:N7) -> 49995000 | P7: 30000 | Q7: 30000 | R7: 30000 | S7: 30000 | T7: 30000 | U7: =AVERAGE(P7:T7) -> 30000
B8: Insert Sort | C8: O(n^2) | D8: 305.438 | E8: 272.253 | F8: 283.138 | G8: 294.696 | H8: 276.171 | I8: =AVERAGE(D8:H8) -> 286.3392 | J8: 5648827 | K8: 5012318 | L8: 5209163 | M8: 5464152 | N8: 5134194 | O8: =AVERAGE(J8:N8) -> 5293730.8 | P8: 5658826 | Q8: 5022317 | R8: 5219162 | S8: 5474151 | T8: 5144193 | U8: =AVERAGE(P8:T8) -> 5303729.8
B9: Insert Sort + Binary Search | C9: O(n^2) | D9: 104.817 | E9: 61.497 | F9: 53.549 | G9: 53.434 | H9: 53.433 | I9: =AVERAGE(D9:H9) -> 65.346 | J9: 37499 | K9: 38351 | L9: 37562 | M9: 38163 | N9: 37365 | O9: =AVERAGE(J9:N9) -> 37788 | P9: 22619243 | Q9: 22081225 | R9: 22569896 | S9: 22488101 | T9: 22684239 | U9: =AVERAGE(P9:T9) -> 22488541
B10: Quick Sort | C10: O(n log n) | D10: 1.978 | E10: 1.954 | F10: 2.099 | G10: 2.168 | H10: 1.765 | I10: =AVERAGE(D10:H10) -> 1.9928 | J10: 42141 | K10: 40171 | L10: 37134 | M10: 42609 | N10: 36267 | O10: =AVERAGE(J10:N10) -> 39664.4 | P10: 43380 | Q10: 41310 | R10: 38349 | S10: 43829 | T10: 37458 | U10: =AVERAGE(P10:T10) -> 40865.2
B11: Merge Sort | C11: O(n log n) | D11: 9.558 | E11: 9.453 | F11: 9.755 | G11: 9.574 | H11: 9.569 | I11: =AVERAGE(D11:H11) -> 9.5818 | J11: 80365 | K11: 80763 | L11: 80132 | M11: 80252 | N11: 80358 | O11: =AVERAGE(J11:N11) -> 80374 | P11: 133616 | Q11: 133616 | R11: 133616 | S11: 133616 | T11: 133616 | U11: =AVERAGE(P11:T11) -> 133616
B12: Radix Sort | C12: O(n*k) | D12: 8.809 | E12: 9.03 | F12: 9.384 | G12: 8.681 | H12: 9.041 | I12: =AVERAGE(D12:H12) -> 8.989 | J12: 50005 | K12: 50005 | L12: 50005 | M12: 50005 | N12: 50005 | O12: =AVERAGE(J12:N12) -> 50005 | P12: 200045 | Q12: 200045 | R12: 200045 | S12: 200045 | T12: 200045 | U12: =AVERAGE(P12:T12) -> 200045
B13: TreeSort | C13: O(n log n) | D13: 2646.92 | E13: 2692.667 | F13: 3102.976 | G13: 3108.457 | H13: 2989.041 | I13: =AVERAGE(D13:H13) -> 2908.0122 | J13: 42450822 | K13: 42317500 | L13: 42581200 | M13: 42432680 | N13: 42439058 | O13: =AVERAGE(J13:N13) -> 42444252 | P13: 42550822 | Q13: 42417500 | R13: 42681200 | S13: 42532680 | T13: 42539058 | U13: =AVERAGE(P13:T13) -> 42544252
D15: Sada N= | F15: 20000 | H15: Random Down
D16: Doba hľadania (ms) | K16: Počet porovnaní | R16: Počet priradení
B17: Algoritmus | C17: Výpočtová zložitosť | D17: Odhad | E17: 1 | F17: 2 | G17: 3 | H17: 4 | I17: 5 | J17: Priemer | K17: Odhad | L17: 1 | M17: 2 | N17: 3 | O17: 4 | P17: 5 | Q17: Priemer | R17: Odhad | S17: 1 | T17: 2 | U17: 3 | V17: 4 | W17: 5 | X17: Priemer
B18: Bubble Sort | C18: O(n^2) | D18: =I6 * (F15^2 / F3^2) -> 8004.6144 | E18: 9101.634 | F18: 8387.95 | G18: 8468.628 | H18: 8649.699 | I18: 8554.913 | J18: =AVERAGE(E18:I18) -> 8632.5648 | K18: =(F15*(F15-1)/2) -> 199990000 | L18: 199990000 | M18: 199990000 | N18: 199990000 | O18: 199990000 | P18: 199990000 | Q18: =AVERAGE(L18:P18) -> 199990000 | R18: =(F15*(F15-1)/2) -> 199990000 | S18: 78059451 | T18: 81228780 | U18: 78519612 | V18: 75737511 | W18: 79509228 | X18: =AVERAGE(S18:W18) -> 78610916
B19: Select Sort | C19: O(n^2) | D19: =I7 * (F15^2 / F3^2) -> 5272.5224 | E19: 5458.456 | F19: 5300.527 | G19: 5371.552 | H19: 5349.176 | I19: 5268.833 | J19: =AVERAGE(E19:I19) -> 5349.7088 | K19: =O7 * (F15^2 / F3^2) -> 199980000 | L19: 199990000 | M19: 199990000 | N19: 199990000 | O19: 199990000 | P19: 199990000 | Q19: =AVERAGE(L19:P19) -> 199990000 | R19: =U7 * (F15 / F3) -> 60000 | S19: 60000 | T19: 60000 | U19: 60000 | V19: 60000 | W19: 60000 | X19: =AVERAGE(S19:W19) -> 60000
B20: Insert Sort | C20: O(n^2) | D20: =I8 * (F15^2 / F3^2) -> 1145.3568 | E20: 1525.906 | F20: 1513.835 | G20: 1500.282 | H20: 1425.716 | I20: 1440.336 | J20: =AVERAGE(E20:I20) -> 1481.215 | K20: =O8 * (F15^2 / F3^2) -> 21174923 | L20: 26795694 | M20: 27643245 | N20: 26036064 | O20: 26078180 | P20: 26132953 | Q20: =AVERAGE(L20:P20) -> 26537227 | R20: =U8 * (F15^2 / F3^2) -> 21214919 | S20: 20815693 | T20: 20663244 | U20: 21056063 | V20: 21098179 | W20: 21152952 | X20: =AVERAGE(S20:W20) -> 20957226
B21: Insert Sort + Binary Search | C21: O(n^2) | D21: =I9 * (F15*LN(F15) / (F3*LN(F3))) -> 140.52755 | E21: 227.973 | F21: 230.888 | G21: 296.884 | H21: 231.339 | I21: 232.193 | J21: =AVERAGE(E21:I21) -> 243.8554 | K21: =O9 * (F15*LN(F15) / (F3*LN(F3))) -> 81263.661 | L21: 54279 | M21: 55115 | N21: 55131 | O21: 54230 | P21: 54423 | Q21: =AVERAGE(L21:P21) -> 54635.6 | R21: =U9 * (F15^2 / F3^2) -> 89954163 | S21: 88346523 | T21: 87636523 | U21: 88243423 | V21: 8896523 | W21: 88937485 | X21: =AVERAGE(S21:W21) -> 72412095
B22: Quick Sort | C22: O(n log n) | D22: =I10 * (F15*LN(F15) / (F3*LN(F3))) -> 4.2855463 | E22: 2.555 | F22: 2.43 | G22: 2.69 | H22: 2.784 | I22: 2.839 | J22: =AVERAGE(E22:I22) -> 2.6596 | K22: =O10 * (F15*LN(F15) / (F3*LN(F3))) -> 85298.887 | L22: 56836 | M22: 52609 | N22: 59879 | O22: 64423 | P22: 64011 | Q22: =AVERAGE(L22:P22) -> 59551.6 | R22: =U10 * (F15*LN(F15) / (F3*LN(F3))) -> 87881.225 | S22: 58023 | T22: 53836 | U22: 61055 | V22: 65630 | W22: 65208 | X22: =AVERAGE(S22:W22) -> 60750.4
B23: Merge Sort | C23: O(n log n) | D23: =I11 * (F15*LN(F15) / (F3*LN(F3))) -> 20.605805 | E23: 19.847 | F23: 19.826 | G23: 20.018 | H23: 19.893 | I23: 19.735 | J23: =AVERAGE(E23:I23) -> 19.8638 | K23: =O11 * (F15*LN(F15) / (F3*LN(F3))) -> 172845.49 | L23: 173586 | M23: 172627 | N23: 173075 | O23: 172622 | P23: 173130 | Q23: =AVERAGE(L23:P23) -> 173008 | R23: =U11 * (F15*LN(F15) / (F3*LN(F3))) -> 287343.21 | S23: 287232 | T23: 287232 | U23: 287232 | V23: 287232 | W23: 287232 | X23: =AVERAGE(S23:W23) -> 287232
B24: Radix Sort | C24: O(n*k) | D24: =I12 * (F15*LOG10(F15) / (F3*LOG10(F3))) -> 19.330979 | E24: 16.985 | F24: 17.023 | G24: 17.298 | H24: 16.923 | I24: 17.033 | J24: =AVERAGE(E24:I24) -> 17.0524 | L24: 0 | M24: 0 | N24: 0 | O24: 0 | P24: 0 | Q24: =AVERAGE(L24:P24) -> 0 | R24: =U12 *(F15 / F3) -> 400090 | S24: 400045 | T24: 400045 | U24: 400045 | V24: 400045 | W24: 400045 | X24: =AVERAGE(S24:W24) -> 400045
B25: TreeSort | C25: O(n log n) | D25: =AVERAGE(D13:H13)*(20000*LN(20000))/(10000*LN(10000)) -> 6253.7238 | E25: 12413.856 | F25: 11567.221 | G25: 12446.178 | H25: 12534.304 | I25: 11757.619 | J25: =AVERAGE(E25:I25) -> 12143.836 | K25: =AVERAGE(J13:N13)*(20000*LN(20000))/(10000*LN(10000)) -> 91277000 | L25: 170818482 | M25: 170185406 | N25: 170861938 | O25: 170540156 | P25: 170740656 | Q25: =AVERAGE(L25:P25) -> 1.7062933e+08 | R25: =AVERAGE(P13:T13)*(20000*LN(20000))/(10000*LN(10000)) -> 91492052 | S25: 171018482 | T25: 170385406 | U25: 171061938 | V25: 170740156 | W25: 170940656 | X25: =AVERAGE(S25:W25) -> 1.7082933e+08

Sheet Grafy
B7: Algoritmus | C7: Priemer N₁ | D7: Teoretický odhad | E7: Priemer N₂
B8: Linear Search | C8: =Search!I7 -> 5130934 | D8: =Search!I19 -> 51309340 | E8: =Search!I24 -> 56893406
B9: Binary Search | C9: =Search!N7 -> 22.1 | D9: =Search!N20 -> 0 | E9: =Search!N25 -> 0
